suite,config_id,repeat,seed,mode,pin_cpu,tap,tap_status,sim_s,wall_s,speed_factor,rtf_mean,rtf_p5,rtf_min_sample,lag_p99,lag_mean,cpu_ns3,cpu_gzserver,error,ns3_lane,gazebo_version,ros_version,cpu_model,cores,ram_gb,kernel,gpu,sites,sectors,ues_per_cell,traffic,channel_update_ms,numerology,wraparound,scheduler,world,robots,actors,camera,step_ms
ns3,baseline,0,1,speed,False,False,,1,67.638,0.0148,,,,,,,,,v2.4-ns3.38,unavailable,unavailable,Intel(R) Core(TM) i7-9700K CPU @ 3.60GHz,8,31.27,5.15.0-191-generic,NVIDIA GeForce RTX 2080 Ti,1,3,5,periodic,100,1,False,rr,,,,,
ns3,baseline,0,1,realtime,False,False,,1,67.845,,,,,65491.796,30322.1991,,,,v2.4-ns3.38,unavailable,unavailable,Intel(R) Core(TM) i7-9700K CPU @ 3.60GHz,8,31.27,5.15.0-191-generic,NVIDIA GeForce RTX 2080 Ti,1,3,5,periodic,100,1,False,rr,,,,,
ns3,baseline,1,2,speed,False,False,,1,67.782,0.0148,,,,,,,,,v2.4-ns3.38,unavailable,unavailable,Intel(R) Core(TM) i7-9700K CPU @ 3.60GHz,8,31.27,5.15.0-191-generic,NVIDIA GeForce RTX 2080 Ti,1,3,5,periodic,100,1,False,rr,,,,,
ns3,baseline,1,2,realtime,False,False,,1,68.33,,,,,65901.798,30543.1876,,,,v2.4-ns3.38,unavailable,unavailable,Intel(R) Core(TM) i7-9700K CPU @ 3.60GHz,8,31.27,5.15.0-191-generic,NVIDIA GeForce RTX 2080 Ti,1,3,5,periodic,100,1,False,rr,,,,,
ns3,baseline,2,3,speed,False,False,,1,62.357,0.016,,,,,,,,,v2.4-ns3.38,unavailable,unavailable,Intel(R) Core(TM) i7-9700K CPU @ 3.60GHz,8,31.27,5.15.0-191-generic,NVIDIA GeForce RTX 2080 Ti,1,3,5,periodic,100,1,False,rr,,,,,
ns3,baseline,2,3,realtime,False,False,,1,63.217,,,,,60896.914,28532.1276,,,,v2.4-ns3.38,unavailable,unavailable,Intel(R) Core(TM) i7-9700K CPU @ 3.60GHz,8,31.27,5.15.0-191-generic,NVIDIA GeForce RTX 2080 Ti,1,3,5,periodic,100,1,False,rr,,,,,
ns3,single_cell_pendulum,0,1,speed,False,False,,1,0.323,3.0956,,,,,,,,,v2.4-ns3.38,unavailable,unavailable,Intel(R) Core(TM) i7-9700K CPU @ 3.60GHz,8,31.27,5.15.0-191-generic,NVIDIA GeForce RTX 2080 Ti,1,1,1,periodic,100,1,False,rr,,,,,
ns3,single_cell_pendulum,0,1,realtime,False,False,,1,1.105,,,,,0.4866,0.1193,,,,v2.4-ns3.38,unavailable,unavailable,Intel(R) Core(TM) i7-9700K CPU @ 3.60GHz,8,31.27,5.15.0-191-generic,NVIDIA GeForce RTX 2080 Ti,1,1,1,periodic,100,1,False,rr,,,,,
ns3,single_cell_pendulum,1,2,speed,False,False,,1,0.397,2.5181,,,,,,,,,v2.4-ns3.38,unavailable,unavailable,Intel(R) Core(TM) i7-9700K CPU @ 3.60GHz,8,31.27,5.15.0-191-generic,NVIDIA GeForce RTX 2080 Ti,1,1,1,periodic,100,1,False,rr,,,,,
ns3,single_cell_pendulum,1,2,realtime,False,False,,1,1.103,,,,,0.8892,0.1395,,,,v2.4-ns3.38,unavailable,unavailable,Intel(R) Core(TM) i7-9700K CPU @ 3.60GHz,8,31.27,5.15.0-191-generic,NVIDIA GeForce RTX 2080 Ti,1,1,1,periodic,100,1,False,rr,,,,,
ns3,single_cell_pendulum,2,3,speed,False,False,,1,0.322,3.1022,,,,,,,,,v2.4-ns3.38,unavailable,unavailable,Intel(R) Core(TM) i7-9700K CPU @ 3.60GHz,8,31.27,5.15.0-191-generic,NVIDIA GeForce RTX 2080 Ti,1,1,1,periodic,100,1,False,rr,,,,,
ns3,single_cell_pendulum,2,3,realtime,False,False,,1,1.103,,,,,0.6474,0.1184,,,,v2.4-ns3.38,unavailable,unavailable,Intel(R) Core(TM) i7-9700K CPU @ 3.60GHz,8,31.27,5.15.0-191-generic,NVIDIA GeForce RTX 2080 Ti,1,1,1,periodic,100,1,False,rr,,,,,
ns3,fact-sites=1-ues_per_cell=0,0,1,speed,False,False,,1,0.886,1.1288,,,,,,,,,v2.4-ns3.38,unavailable,unavailable,Intel(R) Core(TM) i7-9700K CPU @ 3.60GHz,8,31.27,5.15.0-191-generic,NVIDIA GeForce RTX 2080 Ti,1,3,0,periodic,100,1,False,rr,,,,,
ns3,fact-sites=1-ues_per_cell=0,0,1,realtime,False,False,,1,1.103,,,,,45.6253,14.3399,,,,v2.4-ns3.38,unavailable,unavailable,Intel(R) Core(TM) i7-9700K CPU @ 3.60GHz,8,31.27,5.15.0-191-generic,NVIDIA GeForce RTX 2080 Ti,1,3,0,periodic,100,1,False,rr,,,,,
ns3,fact-sites=1-ues_per_cell=0,1,2,speed,False,False,,1,0.882,1.1338,,,,,,,,,v2.4-ns3.38,unavailable,unavailable,Intel(R) Core(TM) i7-9700K CPU @ 3.60GHz,8,31.27,5.15.0-191-generic,NVIDIA GeForce RTX 2080 Ti,1,3,0,periodic,100,1,False,rr,,,,,
ns3,fact-sites=1-ues_per_cell=0,1,2,realtime,False,False,,1,1.106,,,,,44.3943,14.669,,,,v2.4-ns3.38,unavailable,unavailable,Intel(R) Core(TM) i7-9700K CPU @ 3.60GHz,8,31.27,5.15.0-191-generic,NVIDIA GeForce RTX 2080 Ti,1,3,0,periodic,100,1,False,rr,,,,,
ns3,fact-sites=1-ues_per_cell=0,2,3,speed,False,False,,1,0.9,1.1113,,,,,,,,,v2.4-ns3.38,unavailable,unavailable,Intel(R) Core(TM) i7-9700K CPU @ 3.60GHz,8,31.27,5.15.0-191-generic,NVIDIA GeForce RTX 2080 Ti,1,3,0,periodic,100,1,False,rr,,,,,
ns3,fact-sites=1-ues_per_cell=0,2,3,realtime,False,False,,1,1.111,,,,,44.8157,15.6729,,,,v2.4-ns3.38,unavailable,unavailable,Intel(R) Core(TM) i7-9700K CPU @ 3.60GHz,8,31.27,5.15.0-191-generic,NVIDIA GeForce RTX 2080 Ti,1,3,0,periodic,100,1,False,rr,,,,,
ns3,fact-sites=1-ues_per_cell=10,0,1,speed,False,False,,1,180.1,,,,,,,,,exit-124,v2.4-ns3.38,unavailable,unavailable,Intel(R) Core(TM) i7-9700K CPU @ 3.60GHz,8,31.27,5.15.0-191-generic,NVIDIA GeForce RTX 2080 Ti,1,3,10,periodic,100,1,False,rr,,,,,
ns3,fact-sites=1-ues_per_cell=10,0,1,realtime,False,False,,1,180.099,,,,,176752.37,77553.6562,,,exit-124,v2.4-ns3.38,unavailable,unavailable,Intel(R) Core(TM) i7-9700K CPU @ 3.60GHz,8,31.27,5.15.0-191-generic,NVIDIA GeForce RTX 2080 Ti,1,3,10,periodic,100,1,False,rr,,,,,
ns3,fact-sites=1-ues_per_cell=10,1,2,speed,False,False,,1,180.1,,,,,,,,,exit-124,v2.4-ns3.38,unavailable,unavailable,Intel(R) Core(TM) i7-9700K CPU @ 3.60GHz,8,31.27,5.15.0-191-generic,NVIDIA GeForce RTX 2080 Ti,1,3,10,periodic,100,1,False,rr,,,,,
ns3,fact-sites=1-ues_per_cell=10,1,2,realtime,False,False,,1,180.1,,,,,176414.55,78846.3867,,,exit-124,v2.4-ns3.38,unavailable,unavailable,Intel(R) Core(TM) i7-9700K CPU @ 3.60GHz,8,31.27,5.15.0-191-generic,NVIDIA GeForce RTX 2080 Ti,1,3,10,periodic,100,1,False,rr,,,,,
ns3,fact-sites=1-ues_per_cell=10,2,3,speed,False,False,,1,180.099,,,,,,,,,exit-124,v2.4-ns3.38,unavailable,unavailable,Intel(R) Core(TM) i7-9700K CPU @ 3.60GHz,8,31.27,5.15.0-191-generic,NVIDIA GeForce RTX 2080 Ti,1,3,10,periodic,100,1,False,rr,,,,,
ns3,fact-sites=1-ues_per_cell=10,2,3,realtime,False,False,,1,180.101,,,,,175562.5,80489.9256,,,exit-124,v2.4-ns3.38,unavailable,unavailable,Intel(R) Core(TM) i7-9700K CPU @ 3.60GHz,8,31.27,5.15.0-191-generic,NVIDIA GeForce RTX 2080 Ti,1,3,10,periodic,100,1,False,rr,,,,,
ns3,fact-sites=7-ues_per_cell=0,0,1,speed,False,False,,1,59.82,0.0167,,,,,,,,,v2.4-ns3.38,unavailable,unavailable,Intel(R) Core(TM) i7-9700K CPU @ 3.60GHz,8,31.27,5.15.0-191-generic,NVIDIA GeForce RTX 2080 Ti,7,3,0,periodic,100,1,False,rr,,,,,
ns3,fact-sites=7-ues_per_cell=0,0,1,realtime,False,False,,1,59.978,,,,,58532.096,30520.7064,,,,v2.4-ns3.38,unavailable,unavailable,Intel(R) Core(TM) i7-9700K CPU @ 3.60GHz,8,31.27,5.15.0-191-generic,NVIDIA GeForce RTX 2080 Ti,7,3,0,periodic,100,1,False,rr,,,,,
ns3,fact-sites=7-ues_per_cell=0,1,2,speed,False,False,,1,59.514,0.0168,,,,,,,,,v2.4-ns3.38,unavailable,unavailable,Intel(R) Core(TM) i7-9700K CPU @ 3.60GHz,8,31.27,5.15.0-191-generic,NVIDIA GeForce RTX 2080 Ti,7,3,0,periodic,100,1,False,rr,,,,,
ns3,fact-sites=7-ues_per_cell=0,1,2,realtime,False,False,,1,59.805,,,,,58367.632,30394.5413,,,,v2.4-ns3.38,unavailable,unavailable,Intel(R) Core(TM) i7-9700K CPU @ 3.60GHz,8,31.27,5.15.0-191-generic,NVIDIA GeForce RTX 2080 Ti,7,3,0,periodic,100,1,False,rr,,,,,
ns3,fact-sites=7-ues_per_cell=0,2,3,speed,False,False,,1,59.595,0.0168,,,,,,,,,v2.4-ns3.38,unavailable,unavailable,Intel(R) Core(TM) i7-9700K CPU @ 3.60GHz,8,31.27,5.15.0-191-generic,NVIDIA GeForce RTX 2080 Ti,7,3,0,periodic,100,1,False,rr,,,,,
ns3,fact-sites=7-ues_per_cell=0,2,3,realtime,False,False,,1,60.042,,,,,58588.236,30559.542,,,,v2.4-ns3.38,unavailable,unavailable,Intel(R) Core(TM) i7-9700K CPU @ 3.60GHz,8,31.27,5.15.0-191-generic,NVIDIA GeForce RTX 2080 Ti,7,3,0,periodic,100,1,False,rr,,,,,
ns3,fact-sites=7-ues_per_cell=10,0,1,speed,False,False,,1,180.1,,,,,,,,,exit-124,v2.4-ns3.38,unavailable,unavailable,Intel(R) Core(TM) i7-9700K CPU @ 3.60GHz,8,31.27,5.15.0-191-generic,NVIDIA GeForce RTX 2080 Ti,7,3,10,periodic,100,1,False,rr,,,,,
ns3,fact-sites=7-ues_per_cell=10,0,1,realtime,False,False,,1,180.101,,,,,127722.33,95474.77,,,exit-124,v2.4-ns3.38,unavailable,unavailable,Intel(R) Core(TM) i7-9700K CPU @ 3.60GHz,8,31.27,5.15.0-191-generic,NVIDIA GeForce RTX 2080 Ti,7,3,10,periodic,100,1,False,rr,,,,,
ns3,fact-sites=7-ues_per_cell=10,1,2,speed,False,False,,1,180.101,,,,,,,,,exit-124,v2.4-ns3.38,unavailable,unavailable,Intel(R) Core(TM) i7-9700K CPU @ 3.60GHz,8,31.27,5.15.0-191-generic,NVIDIA GeForce RTX 2080 Ti,7,3,10,periodic,100,1,False,rr,,,,,
ns3,fact-sites=7-ues_per_cell=10,1,2,realtime,False,False,,1,180.101,,,,,127011.73,94585.37,,,exit-124,v2.4-ns3.38,unavailable,unavailable,Intel(R) Core(TM) i7-9700K CPU @ 3.60GHz,8,31.27,5.15.0-191-generic,NVIDIA GeForce RTX 2080 Ti,7,3,10,periodic,100,1,False,rr,,,,,
ns3,fact-sites=7-ues_per_cell=10,2,3,speed,False,False,,1,180.101,,,,,,,,,exit-124,v2.4-ns3.38,unavailable,unavailable,Intel(R) Core(TM) i7-9700K CPU @ 3.60GHz,8,31.27,5.15.0-191-generic,NVIDIA GeForce RTX 2080 Ti,7,3,10,periodic,100,1,False,rr,,,,,
ns3,fact-sites=7-ues_per_cell=10,2,3,realtime,False,False,,1,180.099,,,,,133799.9,99774.47,,,exit-124,v2.4-ns3.38,unavailable,unavailable,Intel(R) Core(TM) i7-9700K CPU @ 3.60GHz,8,31.27,5.15.0-191-generic,NVIDIA GeForce RTX 2080 Ti,7,3,10,periodic,100,1,False,rr,,,,,
gazebo,baseline,0,1,max_speed,False,False,,,10,13.0302,13.0302,12.178,12.13,,,,,,v2.4-ns3.38,unavailable,unavailable,Intel(R) Core(TM) i7-9700K CPU @ 3.60GHz,8,31.27,5.15.0-191-generic,NVIDIA GeForce RTX 2080 Ti,,,,,,,,,empty,1,0,False,1
gazebo,baseline,0,1,default_rtf,False,False,,,10,,1.0035,1.0,1.0,,,,,,v2.4-ns3.38,unavailable,unavailable,Intel(R) Core(TM) i7-9700K CPU @ 3.60GHz,8,31.27,5.15.0-191-generic,NVIDIA GeForce RTX 2080 Ti,,,,,,,,,empty,1,0,False,1
gazebo,baseline,1,2,max_speed,False,False,,,10,11.3414,11.3414,11.024,11.02,,,,,,v2.4-ns3.38,unavailable,unavailable,Intel(R) Core(TM) i7-9700K CPU @ 3.60GHz,8,31.27,5.15.0-191-generic,NVIDIA GeForce RTX 2080 Ti,,,,,,,,,empty,1,0,False,1
gazebo,baseline,1,2,default_rtf,False,False,,,10,,1.002,0.99,0.99,,,,,,v2.4-ns3.38,unavailable,unavailable,Intel(R) Core(TM) i7-9700K CPU @ 3.60GHz,8,31.27,5.15.0-191-generic,NVIDIA GeForce RTX 2080 Ti,,,,,,,,,empty,1,0,False,1
gazebo,baseline,2,3,max_speed,False,False,,,10,13.6286,13.6286,12.304,12.21,,,,,,v2.4-ns3.38,unavailable,unavailable,Intel(R) Core(TM) i7-9700K CPU @ 3.60GHz,8,31.27,5.15.0-191-generic,NVIDIA GeForce RTX 2080 Ti,,,,,,,,,empty,1,0,False,1
gazebo,baseline,2,3,default_rtf,False,False,,,10,,1.0024,0.99,0.99,,,,,,v2.4-ns3.38,unavailable,unavailable,Intel(R) Core(TM) i7-9700K CPU @ 3.60GHz,8,31.27,5.15.0-191-generic,NVIDIA GeForce RTX 2080 Ti,,,,,,,,,empty,1,0,False,1
gazebo,fact-robots=1-actors=10,0,1,max_speed,False,False,,,10,6.3204,6.3204,5.664,5.63,,,,,,v2.4-ns3.38,unavailable,unavailable,Intel(R) Core(TM) i7-9700K CPU @ 3.60GHz,8,31.27,5.15.0-191-generic,NVIDIA GeForce RTX 2080 Ti,,,,,,,,,empty,1,10,False,1
gazebo,fact-robots=1-actors=10,0,1,default_rtf,False,False,,,10,,0.9598,0.9235,0.89,,,,,,v2.4-ns3.38,unavailable,unavailable,Intel(R) Core(TM) i7-9700K CPU @ 3.60GHz,8,31.27,5.15.0-191-generic,NVIDIA GeForce RTX 2080 Ti,,,,,,,,,empty,1,10,False,1
gazebo,fact-robots=1-actors=10,1,2,max_speed,False,False,,,10,7.3429,7.3429,6.586,6.29,,,,,,v2.4-ns3.38,unavailable,unavailable,Intel(R) Core(TM) i7-9700K CPU @ 3.60GHz,8,31.27,5.15.0-191-generic,NVIDIA GeForce RTX 2080 Ti,,,,,,,,,empty,1,10,False,1
gazebo,fact-robots=1-actors=10,1,2,default_rtf,False,False,,,10,,0.9553,0.913,0.89,,,,,,v2.4-ns3.38,unavailable,unavailable,Intel(R) Core(TM) i7-9700K CPU @ 3.60GHz,8,31.27,5.15.0-191-generic,NVIDIA GeForce RTX 2080 Ti,,,,,,,,,empty,1,10,False,1
gazebo,fact-robots=1-actors=10,2,3,max_speed,False,False,,,10,6.5461,6.5461,5.314,5.29,,,,,,v2.4-ns3.38,unavailable,unavailable,Intel(R) Core(TM) i7-9700K CPU @ 3.60GHz,8,31.27,5.15.0-191-generic,NVIDIA GeForce RTX 2080 Ti,,,,,,,,,empty,1,10,False,1
gazebo,fact-robots=1-actors=10,2,3,default_rtf,False,False,,,10,,0.9561,0.94,0.93,,,,,,v2.4-ns3.38,unavailable,unavailable,Intel(R) Core(TM) i7-9700K CPU @ 3.60GHz,8,31.27,5.15.0-191-generic,NVIDIA GeForce RTX 2080 Ti,,,,,,,,,empty,1,10,False,1
gazebo,fact-robots=4-actors=0,0,1,max_speed,False,False,,,10,,,,,,,,,no-gz-stats,v2.4-ns3.38,unavailable,unavailable,Intel(R) Core(TM) i7-9700K CPU @ 3.60GHz,8,31.27,5.15.0-191-generic,NVIDIA GeForce RTX 2080 Ti,,,,,,,,,empty,4,0,False,1
gazebo,fact-robots=4-actors=0,0,1,default_rtf,False,False,,,10,,,,,,,,,no-gz-stats,v2.4-ns3.38,unavailable,unavailable,Intel(R) Core(TM) i7-9700K CPU @ 3.60GHz,8,31.27,5.15.0-191-generic,NVIDIA GeForce RTX 2080 Ti,,,,,,,,,empty,4,0,False,1
gazebo,fact-robots=4-actors=0,1,2,max_speed,False,False,,,10,,,,,,,,,no-gz-stats,v2.4-ns3.38,unavailable,unavailable,Intel(R) Core(TM) i7-9700K CPU @ 3.60GHz,8,31.27,5.15.0-191-generic,NVIDIA GeForce RTX 2080 Ti,,,,,,,,,empty,4,0,False,1
gazebo,fact-robots=4-actors=0,1,2,default_rtf,False,False,,,10,,,,,,,,,no-gz-stats,v2.4-ns3.38,unavailable,unavailable,Intel(R) Core(TM) i7-9700K CPU @ 3.60GHz,8,31.27,5.15.0-191-generic,NVIDIA GeForce RTX 2080 Ti,,,,,,,,,empty,4,0,False,1
gazebo,fact-robots=4-actors=0,2,3,max_speed,False,False,,,10,,,,,,,,,no-gz-stats,v2.4-ns3.38,unavailable,unavailable,Intel(R) Core(TM) i7-9700K CPU @ 3.60GHz,8,31.27,5.15.0-191-generic,NVIDIA GeForce RTX 2080 Ti,,,,,,,,,empty,4,0,False,1
gazebo,fact-robots=4-actors=0,2,3,default_rtf,False,False,,,10,,,,,,,,,no-gz-stats,v2.4-ns3.38,unavailable,unavailable,Intel(R) Core(TM) i7-9700K CPU @ 3.60GHz,8,31.27,5.15.0-191-generic,NVIDIA GeForce RTX 2080 Ti,,,,,,,,,empty,4,0,False,1
gazebo,fact-robots=4-actors=10,0,1,max_speed,False,False,,,10,,,,,,,,,no-gz-stats,v2.4-ns3.38,unavailable,unavailable,Intel(R) Core(TM) i7-9700K CPU @ 3.60GHz,8,31.27,5.15.0-191-generic,NVIDIA GeForce RTX 2080 Ti,,,,,,,,,empty,4,10,False,1
gazebo,fact-robots=4-actors=10,0,1,default_rtf,False,False,,,10,,,,,,,,,no-gz-stats,v2.4-ns3.38,unavailable,unavailable,Intel(R) Core(TM) i7-9700K CPU @ 3.60GHz,8,31.27,5.15.0-191-generic,NVIDIA GeForce RTX 2080 Ti,,,,,,,,,empty,4,10,False,1
gazebo,fact-robots=4-actors=10,1,2,max_speed,False,False,,,10,,,,,,,,,no-gz-stats,v2.4-ns3.38,unavailable,unavailable,Intel(R) Core(TM) i7-9700K CPU @ 3.60GHz,8,31.27,5.15.0-191-generic,NVIDIA GeForce RTX 2080 Ti,,,,,,,,,empty,4,10,False,1
gazebo,fact-robots=4-actors=10,1,2,default_rtf,False,False,,,10,,,,,,,,,no-gz-stats,v2.4-ns3.38,unavailable,unavailable,Intel(R) Core(TM) i7-9700K CPU @ 3.60GHz,8,31.27,5.15.0-191-generic,NVIDIA GeForce RTX 2080 Ti,,,,,,,,,empty,4,10,False,1
gazebo,fact-robots=4-actors=10,2,3,max_speed,False,False,,,10,,,,,,,,,no-gz-stats,v2.4-ns3.38,unavailable,unavailable,Intel(R) Core(TM) i7-9700K CPU @ 3.60GHz,8,31.27,5.15.0-191-generic,NVIDIA GeForce RTX 2080 Ti,,,,,,,,,empty,4,10,False,1
gazebo,fact-robots=4-actors=10,2,3,default_rtf,False,False,,,10,,,,,,,,,no-gz-stats,v2.4-ns3.38,unavailable,unavailable,Intel(R) Core(TM) i7-9700K CPU @ 3.60GHz,8,31.27,5.15.0-191-generic,NVIDIA GeForce RTX 2080 Ti,,,,,,,,,empty,4,10,False,1
combined,single_cell_pendulum,0,1,combined,False,False,,15,15.224,,0.9778,0.924,0.9,19.6071,0.7878,,,,v2.4-ns3.38,unavailable,unavailable,Intel(R) Core(TM) i7-9700K CPU @ 3.60GHz,8,31.27,5.15.0-191-generic,NVIDIA GeForce RTX 2080 Ti,1,1,1,periodic,100,1,False,rr,empty,1,0,False,1
combined,single_cell_pendulum,1,2,combined,False,False,,15,15.295,,1.0022,1.0,1.0,8.7876,0.5539,,,,v2.4-ns3.38,unavailable,unavailable,Intel(R) Core(TM) i7-9700K CPU @ 3.60GHz,8,31.27,5.15.0-191-generic,NVIDIA GeForce RTX 2080 Ti,1,1,1,periodic,100,1,False,rr,empty,1,0,False,1
combined,single_cell_pendulum,2,3,combined,False,False,,15,15.193,,0.9933,0.99,0.99,9.4734,0.6268,,,,v2.4-ns3.38,unavailable,unavailable,Intel(R) Core(TM) i7-9700K CPU @ 3.60GHz,8,31.27,5.15.0-191-generic,NVIDIA GeForce RTX 2080 Ti,1,1,1,periodic,100,1,False,rr,empty,1,0,False,1
combined,single_cell_pendulum,0,1,combined,False,True,skipped,,,,,,,,,,,,v2.4-ns3.38,unavailable,unavailable,Intel(R) Core(TM) i7-9700K CPU @ 3.60GHz,8,31.27,5.15.0-191-generic,NVIDIA GeForce RTX 2080 Ti,1,1,1,periodic,100,1,False,rr,empty,1,0,False,1
combined,single_cell_pendulum,1,2,combined,False,True,skipped,,,,,,,,,,,,v2.4-ns3.38,unavailable,unavailable,Intel(R) Core(TM) i7-9700K CPU @ 3.60GHz,8,31.27,5.15.0-191-generic,NVIDIA GeForce RTX 2080 Ti,1,1,1,periodic,100,1,False,rr,empty,1,0,False,1
combined,single_cell_pendulum,2,3,combined,False,True,skipped,,,,,,,,,,,,v2.4-ns3.38,unavailable,unavailable,Intel(R) Core(TM) i7-9700K CPU @ 3.60GHz,8,31.27,5.15.0-191-generic,NVIDIA GeForce RTX 2080 Ti,1,1,1,periodic,100,1,False,rr,empty,1,0,False,1
combined,single_cell_pendulum,0,1,combined,True,False,,15,15.116,,,,,8.2594,0.4943,,,,v2.4-ns3.38,unavailable,unavailable,Intel(R) Core(TM) i7-9700K CPU @ 3.60GHz,8,31.27,5.15.0-191-generic,NVIDIA GeForce RTX 2080 Ti,1,1,1,periodic,100,1,False,rr,empty,1,0,False,1
combined,single_cell_pendulum,1,2,combined,True,False,,15,15.116,,,,,6.9992,0.3632,,,,v2.4-ns3.38,unavailable,unavailable,Intel(R) Core(TM) i7-9700K CPU @ 3.60GHz,8,31.27,5.15.0-191-generic,NVIDIA GeForce RTX 2080 Ti,1,1,1,periodic,100,1,False,rr,empty,1,0,False,1
combined,single_cell_pendulum,2,3,combined,True,False,,15,15.111,,,,,6.4401,0.3816,,,,v2.4-ns3.38,unavailable,unavailable,Intel(R) Core(TM) i7-9700K CPU @ 3.60GHz,8,31.27,5.15.0-191-generic,NVIDIA GeForce RTX 2080 Ti,1,1,1,periodic,100,1,False,rr,empty,1,0,False,1
combined,single_cell_pendulum,0,1,combined,True,True,skipped,,,,,,,,,,,,v2.4-ns3.38,unavailable,unavailable,Intel(R) Core(TM) i7-9700K CPU @ 3.60GHz,8,31.27,5.15.0-191-generic,NVIDIA GeForce RTX 2080 Ti,1,1,1,periodic,100,1,False,rr,empty,1,0,False,1
combined,single_cell_pendulum,1,2,combined,True,True,skipped,,,,,,,,,,,,v2.4-ns3.38,unavailable,unavailable,Intel(R) Core(TM) i7-9700K CPU @ 3.60GHz,8,31.27,5.15.0-191-generic,NVIDIA GeForce RTX 2080 Ti,1,1,1,periodic,100,1,False,rr,empty,1,0,False,1
combined,single_cell_pendulum,2,3,combined,True,True,skipped,,,,,,,,,,,,v2.4-ns3.38,unavailable,unavailable,Intel(R) Core(TM) i7-9700K CPU @ 3.60GHz,8,31.27,5.15.0-191-generic,NVIDIA GeForce RTX 2080 Ti,1,1,1,periodic,100,1,False,rr,empty,1,0,False,1
