scenario,ue,coupling_loss_db
InF-SL,0,55.9029
InF-SL,1,55.893
InF-SL,2,64.8198
InF-SL,3,62.6077
InF-SL,4,32.68
InF-SL,5,52.8029
InF-SL,6,60.3294
InF-SL,7,61.2829
InF-SL,8,49.6161
InF-SL,9,54.5471
InF-SL,10,55.3539
InF-SL,11,59.7755
InF-SL,12,54.1577
InF-SL,13,60.256
InF-SL,14,55.154
InF-SL,15,54.7425
InF-SL,16,57.8286
InF-SL,17,62.1984
InF-SL,18,63.0485
InF-SL,19,65.961
InF-SL,20,67.6171
InF-SL,21,51.9236
InF-SL,22,63.7779
InF-SL,23,61.4392
InF-SL,24,58.2748
InF-SL,25,54.5291
InF-SL,26,60.7745
InF-SL,27,65.5124
InF-SL,28,53.1098
InF-SL,29,62.5188
InF-SL,30,55.2622
InF-SL,31,53.99
InF-SL,32,58.0838
InF-SL,33,65.4191
InF-SL,34,59.4679
InF-SL,35,63.8574
InF-SL,36,62.4647
InF-SL,37,62.624
InF-SL,38,58.7229
InF-SL,39,61.8431
InF-SL,40,66.3774
InF-SL,41,63.0574
InF-SL,42,69.7656
InF-SL,43,54.9085
InF-SL,44,51.7231
InF-SL,45,63.9748
InF-SL,46,63.6922
InF-SL,47,51.2117
InF-SL,48,60.8834
InF-SL,49,59.7695
InF-SL,50,61.8448
InF-SL,51,53.2394
InF-SL,52,66.1496
InF-SL,53,52.9625
InF-SL,54,51.5378
InF-SL,55,63.654
InF-SL,56,61.9968
InF-SL,57,65.0944
InF-SL,58,59.7919
InF-SL,59,58.4973
InF-SL,60,58.2443
InF-SL,61,59.8381
InF-SL,62,66.7409
InF-SL,63,63.1524
InF-SL,64,64.3376
InF-SL,65,59.102
InF-SL,66,64.5157
InF-SL,67,64.4518
InF-SL,68,69.4682
InF-SL,69,63.106
InF-SL,70,54.8421
InF-SL,71,64.8937
InF-SL,72,61.8861
InF-SL,73,61.4524
InF-SL,74,58.4266
InF-SL,75,65.4409
InF-SL,76,67.5976
InF-SL,77,60.7977
InF-SL,78,58.7659
InF-SL,79,57.0176
InF-SL,80,55.2613
InF-SL,81,53.2884
InF-SL,82,66.0902
InF-SL,83,65.0788
InF-SL,84,58.6796
InF-SL,85,58.7505
InF-SL,86,60.6216
InF-SL,87,63.6895
InF-SL,88,62.114
InF-SL,89,66.814
InF-SL,90,57.6555
InF-SL,91,56.1312
InF-SL,92,59.0414
InF-SL,93,64.8102
InF-SL,94,60.7929
InF-SL,95,48.044
InF-SL,96,60.6389
InF-SL,97,65.5867
InF-SL,98,48.5386
InF-SL,99,64.6168
InF-SL,100,57.4753
InF-SL,101,58.7341
InF-SL,102,63.884
InF-SL,103,55.7744
InF-SL,104,56.3402
InF-SL,105,55.4552
InF-SL,106,57.7323
InF-SL,107,48.2572
InF-SL,108,62.084
InF-SL,109,58.8168
InF-SL,110,62.0495
InF-SL,111,49.9946
InF-SL,112,62.2574
InF-SL,113,61.5431
InF-SL,114,66.8823
InF-SL,115,69.2953
InF-SL,116,69.9902
InF-SL,117,57.4612
InF-SL,118,64.8286
InF-SL,119,63.2893
InF-SL,120,61.4756
InF-SL,121,62.8591
InF-SL,122,55.9558
InF-SL,123,62.7786
InF-SL,124,59.3217
InF-SL,125,52.953
InF-SL,126,63.2905
InF-SL,127,62.5807
InF-SL,128,56.8703
InF-SL,129,65.8213
InF-SL,130,57.4385
InF-SL,131,56.6838
InF-SL,132,63.4486
InF-SL,133,46.5316
InF-SL,134,61.0433
InF-SL,135,65.1316
InF-SL,136,66.3942
InF-SL,137,56.6555
InF-SL,138,53.6709
InF-SL,139,55.8391
InF-SL,140,67.1564
InF-SL,141,65.2526
InF-SL,142,60.6875
InF-SL,143,57.9711
InF-SL,144,61.8551
InF-SL,145,63.0051
InF-SL,146,63.9141
InF-SL,147,67.8339
InF-SL,148,62.257
InF-SL,149,52.169
InF-SL,150,64.6956
InF-SL,151,49.156
InF-SL,152,58.6872
InF-SL,153,61.2758
InF-SL,154,62.0055
InF-SL,155,59.5836
InF-SL,156,60.5851
InF-SL,157,66.5436
InF-SL,158,68.2174
InF-SL,159,55.043
InF-SL,160,59.1458
InF-SL,161,58.7852
InF-SL,162,55.2865
InF-SL,163,64.6129
InF-SL,164,42.9116
InF-SL,165,57.6034
InF-SL,166,46.8723
InF-SL,167,62.8656
InF-SL,168,56.2008
InF-SL,169,64.4241
InF-SL,170,67.1456
InF-SL,171,66.0824
InF-SL,172,64.6811
InF-SL,173,60.8909
InF-SL,174,50.8733
InF-SL,175,65.4386
InF-SL,176,58.6131
InF-SL,177,61.1095
InF-SL,178,71.6672
InF-SL,179,61.5536
InF-DL,0,76.8699
InF-DL,1,66.9707
InF-DL,2,87.0341
InF-DL,3,48.3392
InF-DL,4,65.7155
InF-DL,5,73.3167
InF-DL,6,68.3569
InF-DL,7,76.0323
InF-DL,8,72.5218
InF-DL,9,82.3256
InF-DL,10,68.6618
InF-DL,11,76.1571
InF-DL,12,77.3433
InF-DL,13,80.0006
InF-DL,14,66.0332
InF-DL,15,73.9398
InF-DL,16,59.9564
InF-DL,17,80.3139
InF-DL,18,72.4049
InF-DL,19,84.7892
InF-DL,20,60.1436
InF-DL,21,66.5331
InF-DL,22,79.0443
InF-DL,23,55.6051
InF-DL,24,79.9428
InF-DL,25,61.526
InF-DL,26,69.8074
InF-DL,27,67.5563
InF-DL,28,75.29
InF-DL,29,70.9918
InF-DL,30,71.824
InF-DL,31,69.6105
InF-DL,32,75.2167
InF-DL,33,70.1229
InF-DL,34,83.3394
InF-DL,35,79.3383
InF-DL,36,65.9628
InF-DL,37,67.2578
InF-DL,38,81.1795
InF-DL,39,59.5081
InF-DL,40,64.2308
InF-DL,41,67.4616
InF-DL,42,79.2385
InF-DL,43,76.9428
InF-DL,44,77.513
InF-DL,45,74.6355
InF-DL,46,73.1836
InF-DL,47,69.388
InF-DL,48,72.0498
InF-DL,49,84.8395
InF-DL,50,70.4418
InF-DL,51,65.2334
InF-DL,52,59.2495
InF-DL,53,65.5675
InF-DL,54,83.3415
InF-DL,55,79.2765
InF-DL,56,74.9532
InF-DL,57,85.0124
InF-DL,58,71.264
InF-DL,59,83.7218
InF-DL,60,71.5759
InF-DL,61,84.7063
InF-DL,62,77.9115
InF-DL,63,60.6013
InF-DL,64,65.9239
InF-DL,65,79.0455
InF-DL,66,80.6031
InF-DL,67,67.3253
InF-DL,68,65.122
InF-DL,69,58.6952
InF-DL,70,61.486
InF-DL,71,76.8853
InF-DL,72,72.304
InF-DL,73,68.1473
InF-DL,74,75.4323
InF-DL,75,73.5214
InF-DL,76,76.9825
InF-DL,77,78.6605
InF-DL,78,77.9934
InF-DL,79,79.1151
InF-DL,80,52.4257
InF-DL,81,64.4269
InF-DL,82,58.5787
InF-DL,83,69.9397
InF-DL,84,73.5464
InF-DL,85,70.8876
InF-DL,86,76.1864
InF-DL,87,80.8162
InF-DL,88,52.8472
InF-DL,89,77.7738
InF-DL,90,70.7813
InF-DL,91,52.2372
InF-DL,92,73.4127
InF-DL,93,76.3465
InF-DL,94,78.0472
InF-DL,95,74.6083
InF-DL,96,79.567
InF-DL,97,76.7869
InF-DL,98,74.4312
InF-DL,99,86.8837
InF-DL,100,72.0181
InF-DL,101,77.916
InF-DL,102,72.8163
InF-DL,103,81.9439
InF-DL,104,79.58
InF-DL,105,74.2878
InF-DL,106,83.8326
InF-DL,107,75.3473
InF-DL,108,84.952
InF-DL,109,76.8836
InF-DL,110,81.8192
InF-DL,111,70.3911
InF-DL,112,66.4862
InF-DL,113,74.5011
InF-DL,114,67.367
InF-DL,115,63.4084
InF-DL,116,68.3811
InF-DL,117,69.1992
InF-DL,118,71.7682
InF-DL,119,78.7798
InF-DL,120,54.2349
InF-DL,121,76.0718
InF-DL,122,76.4948
InF-DL,123,85.6546
InF-DL,124,81.1997
InF-DL,125,77.156
InF-DL,126,81.1329
InF-DL,127,74.3057
InF-DL,128,66.0217
InF-DL,129,80.0274
InF-DL,130,82.3795
InF-DL,131,82.1187
InF-DL,132,60.6801
InF-DL,133,80.4809
InF-DL,134,64.848
InF-DL,135,83.0888
InF-DL,136,65.7849
InF-DL,137,67.4749
InF-DL,138,80.8106
InF-DL,139,70.2069
InF-DL,140,80.0733
InF-DL,141,84.4351
InF-DL,142,83.6235
InF-DL,143,70.8887
InF-DL,144,76.3372
InF-DL,145,72.6191
InF-DL,146,73.0621
InF-DL,147,74.6702
InF-DL,148,75.6295
InF-DL,149,70.8464
InF-DL,150,70.9399
InF-DL,151,79.1634
InF-DL,152,60.1821
InF-DL,153,77.0578
InF-DL,154,81.5455
InF-DL,155,85.7923
InF-DL,156,73.6805
InF-DL,157,83.3529
InF-DL,158,75.0464
InF-DL,159,79.4127
InF-DL,160,61.8898
InF-DL,161,68.4548
InF-DL,162,80.6018
InF-DL,163,75.5568
InF-DL,164,67.4882
InF-DL,165,69.9996
InF-DL,166,85.3199
InF-DL,167,74.3224
InF-DL,168,79.6251
InF-DL,169,79.5434
InF-DL,170,70.4767
InF-DL,171,78.22
InF-DL,172,76.4307
InF-DL,173,66.5711
InF-DL,174,79.1861
InF-DL,175,73.0064
InF-DL,176,70.0776
InF-DL,177,68.9613
InF-DL,178,75.647
InF-DL,179,60.8631
InF-SH,0,65.2384
InF-SH,1,69.8824
InF-SH,2,73.0533
InF-SH,3,70.9008
InF-SH,4,71.3516
InF-SH,5,67.1611
InF-SH,6,63.6857
InF-SH,7,66.5401
InF-SH,8,72.3303
InF-SH,9,65.6429
InF-SH,10,62.8414
InF-SH,11,71.4337
InF-SH,12,72.2133
InF-SH,13,70.9546
InF-SH,14,69.8291
InF-SH,15,67.2088
InF-SH,16,67.816
InF-SH,17,65.5438
InF-SH,18,69.1283
InF-SH,19,64.6547
InF-SH,20,70.9892
InF-SH,21,70.6924
InF-SH,22,65.3111
InF-SH,23,69.3445
InF-SH,24,74.3177
InF-SH,25,68.9778
InF-SH,26,75.0848
InF-SH,27,68.1783
InF-SH,28,66.2069
InF-SH,29,63.7537
InF-SH,30,64.2145
InF-SH,31,70.6647
InF-SH,32,68.0042
InF-SH,33,67.4399
InF-SH,34,58.9685
InF-SH,35,66.8893
InF-SH,36,65.0484
InF-SH,37,69.3202
InF-SH,38,71.8038
InF-SH,39,74.1639
InF-SH,40,75.8775
InF-SH,41,64.4131
InF-SH,42,73.2909
InF-SH,43,70.2914
InF-SH,44,74.8624
InF-SH,45,71.2724
InF-SH,46,67.1242
InF-SH,47,63.2836
InF-SH,48,66.9789
InF-SH,49,71.5841
InF-SH,50,64.2715
InF-SH,51,71.7935
InF-SH,52,64.3838
InF-SH,53,66.3116
InF-SH,54,71.7233
InF-SH,55,70.6365
InF-SH,56,72.3636
InF-SH,57,68.7833
InF-SH,58,68.0176
InF-SH,59,75.9736
InF-SH,60,66.0029
InF-SH,61,70.7007
InF-SH,62,73.0071
InF-SH,63,63.9436
InF-SH,64,73.2609
InF-SH,65,65.7731
InF-SH,66,66.4408
InF-SH,67,69.3823
InF-SH,68,69.7761
InF-SH,69,70.1556
InF-SH,70,67.1458
InF-SH,71,70.1848
InF-SH,72,73.4098
InF-SH,73,64.8264
InF-SH,74,63.1997
InF-SH,75,62.4687
InF-SH,76,61.8288
InF-SH,77,70.1728
InF-SH,78,67.4623
InF-SH,79,70.4327
InF-SH,80,67.7949
InF-SH,81,56.1223
InF-SH,82,71.9121
InF-SH,83,71.3799
InF-SH,84,66.0227
InF-SH,85,63.3763
InF-SH,86,74.8322
InF-SH,87,66.5136
InF-SH,88,67.9783
InF-SH,89,63.9522
InF-SH,90,61.1488
InF-SH,91,67.1219
InF-SH,92,62.4903
InF-SH,93,74.3947
InF-SH,94,74.7539
InF-SH,95,69.7619
InF-SH,96,60.326
InF-SH,97,75.8636
InF-SH,98,75.4984
InF-SH,99,73.5256
InF-SH,100,72.3223
InF-SH,101,71.3472
InF-SH,102,71.6075
InF-SH,103,63.6308
InF-SH,104,68.4767
InF-SH,105,68.3904
InF-SH,106,63.6196
InF-SH,107,63.5192
InF-SH,108,67.7416
InF-SH,109,71.3082
InF-SH,110,67.5897
InF-SH,111,63.7371
InF-SH,112,68.3404
InF-SH,113,74.5059
InF-SH,114,65.6733
InF-SH,115,72.4666
InF-SH,116,72.9097
InF-SH,117,70.4026
InF-SH,118,65.2596
InF-SH,119,74.827
InF-SH,120,72.1488
InF-SH,121,68.9377
InF-SH,122,66.6663
InF-SH,123,71.5536
InF-SH,124,66.2729
InF-SH,125,67.8882
InF-SH,126,72.891
InF-SH,127,64.9121
InF-SH,128,76.4526
InF-SH,129,71.8541
InF-SH,130,67.8115
InF-SH,131,74.4148
InF-SH,132,69.4757
InF-SH,133,72.3414
InF-SH,134,69.3741
InF-SH,135,71.0286
InF-SH,136,66.1385
InF-SH,137,73.1561
InF-SH,138,68.1151
InF-SH,139,57.0979
InF-SH,140,59.8479
InF-SH,141,63.6854
InF-SH,142,63.6827
InF-SH,143,70.3802
InF-SH,144,73.329
InF-SH,145,65.5753
InF-SH,146,65.3514
InF-SH,147,74.4551
InF-SH,148,74.9758
InF-SH,149,70.4896
InF-SH,150,76.9157
InF-SH,151,67.9872
InF-SH,152,74.3756
InF-SH,153,68.2598
InF-SH,154,66.7598
InF-SH,155,62.1347
InF-SH,156,68.4718
InF-SH,157,65.4642
InF-SH,158,69.5984
InF-SH,159,67.4394
InF-SH,160,69.0446
InF-SH,161,70.0999
InF-SH,162,70.7066
InF-SH,163,72.262
InF-SH,164,64.9661
InF-SH,165,59.0512
InF-SH,166,72.0836
InF-SH,167,67.7301
InF-SH,168,67.5939
InF-SH,169,65.3448
InF-SH,170,65.8861
InF-SH,171,72.352
InF-SH,172,70.5764
InF-SH,173,76.7822
InF-SH,174,70.4408
InF-SH,175,66.5199
InF-SH,176,68.2978
InF-SH,177,67.0458
InF-SH,178,74.0459
InF-SH,179,60.946
InF-DH,0,68.3711
InF-DH,1,59.3404
InF-DH,2,68.1606
InF-DH,3,57.2666
InF-DH,4,66.1254
InF-DH,5,70.773
InF-DH,6,64.0054
InF-DH,7,69.187
InF-DH,8,66.3213
InF-DH,9,56.0605
InF-DH,10,71.5512
InF-DH,11,58.041
InF-DH,12,67.8655
InF-DH,13,64.2901
InF-DH,14,60.89
InF-DH,15,66.6295
InF-DH,16,66.2788
InF-DH,17,62.8723
InF-DH,18,61.8298
InF-DH,19,66.4236
InF-DH,20,61.2753
InF-DH,21,75.1674
InF-DH,22,69.2775
InF-DH,23,68.7666
InF-DH,24,65.8327
InF-DH,25,65.4256
InF-DH,26,61.5493
InF-DH,27,63.9225
InF-DH,28,62.6458
InF-DH,29,68.5649
InF-DH,30,55.8469
InF-DH,31,62.4242
InF-DH,32,67.1353
InF-DH,33,70.6176
InF-DH,34,67.0757
InF-DH,35,63.4075
InF-DH,36,64.9442
InF-DH,37,63.692
InF-DH,38,67.9222
InF-DH,39,68.3802
InF-DH,40,69.2381
InF-DH,41,62.782
InF-DH,42,64.8867
InF-DH,43,64.1459
InF-DH,44,65.6687
InF-DH,45,64.272
InF-DH,46,65.2364
InF-DH,47,61.5016
InF-DH,48,63.8253
InF-DH,49,64.9267
InF-DH,50,56.2392
InF-DH,51,66.097
InF-DH,52,63.7048
InF-DH,53,68.7936
InF-DH,54,61.4818
InF-DH,55,70.1882
InF-DH,56,68.9212
InF-DH,57,69.8275
InF-DH,58,56.6415
InF-DH,59,64.2232
InF-DH,60,68.8924
InF-DH,61,61.613
InF-DH,62,66.6011
InF-DH,63,62.0588
InF-DH,64,62.7706
InF-DH,65,64.0226
InF-DH,66,60.0988
InF-DH,67,63.5167
InF-DH,68,64.7924
InF-DH,69,64.3483
InF-DH,70,66.0931
InF-DH,71,70.8442
InF-DH,72,60.4047
InF-DH,73,70.0538
InF-DH,74,63.0642
InF-DH,75,64.7386
InF-DH,76,69.3949
InF-DH,77,64.8868
InF-DH,78,66.3929
InF-DH,79,66.8019
InF-DH,80,60.7024
InF-DH,81,60.8204
InF-DH,82,63.7595
InF-DH,83,67.069
InF-DH,84,65.2315
InF-DH,85,58.0134
InF-DH,86,56.5293
InF-DH,87,69.7274
InF-DH,88,69.1979
InF-DH,89,67.9016
InF-DH,90,64.7802
InF-DH,91,65.3805
InF-DH,92,61.2124
InF-DH,93,62.8327
InF-DH,94,65.03
InF-DH,95,69.6106
InF-DH,96,67.2746
InF-DH,97,68.3627
InF-DH,98,69.272
InF-DH,99,59.0842
InF-DH,100,61.8717
InF-DH,101,63.8373
InF-DH,102,62.6249
InF-DH,103,57.66
InF-DH,104,67.3139
InF-DH,105,64.5739
InF-DH,106,64.3769
InF-DH,107,55.6033
InF-DH,108,61.0289
InF-DH,109,58.989
InF-DH,110,70.8132
InF-DH,111,62.7041
InF-DH,112,66.9868
InF-DH,113,62.7491
InF-DH,114,66.876
InF-DH,115,63.9544
InF-DH,116,72.5831
InF-DH,117,64.0286
InF-DH,118,68.4129
InF-DH,119,63.0015
InF-DH,120,67.4095
InF-DH,121,67.2412
InF-DH,122,60.4944
InF-DH,123,69.4815
InF-DH,124,63.9721
InF-DH,125,65.7034
InF-DH,126,63.8132
InF-DH,127,61.3913
InF-DH,128,62.8243
InF-DH,129,60.8778
InF-DH,130,67.7086
InF-DH,131,65.3133
InF-DH,132,66.1493
InF-DH,133,65.4775
InF-DH,134,73.7928
InF-DH,135,68.0826
InF-DH,136,64.667
InF-DH,137,66.2597
InF-DH,138,65.5608
InF-DH,139,63.7674
InF-DH,140,64.8632
InF-DH,141,66.9712
InF-DH,142,59.5602
InF-DH,143,64.3189
InF-DH,144,61.5152
InF-DH,145,65.0245
InF-DH,146,68.177
InF-DH,147,64.0474
InF-DH,148,67.242
InF-DH,149,64.776
InF-DH,150,65.7511
InF-DH,151,62.1659
InF-DH,152,73.3439
InF-DH,153,65.7035
InF-DH,154,61.6256
InF-DH,155,66.5352
InF-DH,156,70.7566
InF-DH,157,63.7855
InF-DH,158,72.457
InF-DH,159,71.7342
InF-DH,160,69.3263
InF-DH,161,60.8956
InF-DH,162,66.372
InF-DH,163,69.9155
InF-DH,164,65.2807
InF-DH,165,63.8326
InF-DH,166,64.8567
InF-DH,167,61.6008
InF-DH,168,62.271
InF-DH,169,59.8376
InF-DH,170,65.3954
InF-DH,171,63.3599
InF-DH,172,66.557
InF-DH,173,65.9043
InF-DH,174,63.6011
InF-DH,175,63.7777
InF-DH,176,69.564
InF-DH,177,62.3203
InF-DH,178,64.4506
InF-DH,179,64.5839
